id;nombre_iniciativa;tipo_intent_negocio;tipo_intent_operativo;tipo_intent_capacidad_equipos;tipo_intent_tecnico_arquitectural;declaracion_intent;area_proponente;flujo_de_valor;metricas_de_exito;impacto_personas;datos_requeridos_ninguno;datos_requeridos_datos_publicos;datos_requeridos_datos_operativos;datos_requeridos_datos_personales;datos_requeridos_datos_confidenciales;datos_requeridos_otros;supuesto_riesgo;restricciones;sponsor;label;razonamiento;split
VAR-FAC-V01;VAR-FAC-V01;false;true;false;false;"Sistema que resume reportes sobre plataforma interna homologada; la gerencia valida.";Operaciones;Proceso interno del area;"Reduccion de tiempo >= 40% (linea base 10h/mes; meta 6h/mes)";"Empleados como usuarios; no decide sobre personas. Criticidad baja.";false;false;false;false;true;false;"Plataforma interna homologada; gerencia valida.";"Sin datos personales; revision humana previa; presupuesto acotado.";Gerente de Area (persona accountable);avanza_fast_gate;;train
VAR-FAC-V02;VAR-FAC-V02;true;false;false;false;"Recomendador que sugiere ofertas al representante en plataforma homologada; el representante decide.";Operaciones;Proceso interno del area;"Reduccion de tiempo >= 40% (linea base 10h/mes; meta 6h/mes)";Clientes via representante. Criticidad media.;false;false;false;true;false;false;Plataforma homologada.;"Cumplimiento Ley 25.326; el representante decide.";Gerente de Area (persona accountable);avanza_fast_gate;;train
VAR-FAC-V03;VAR-FAC-V03;false;false;true;false;"Asistente de minutas con modelo del catalogo corporativo; el autor valida.";Operaciones;Proceso interno del area;"Reduccion de tiempo >= 40% (linea base 10h/mes; meta 6h/mes)";"Empleados como usuarios; no decide sobre personas. Criticidad baja.";true;false;false;false;false;false;"Modelo del catalogo; revision previa.";"Sin datos personales; revision humana previa; presupuesto acotado.";Gerente de Area (persona accountable);avanza_fast_gate;;train
VAR-FAC-V04;VAR-FAC-V04;false;true;false;false;"Sistema que prioriza incidencias para el equipo tecnico; el equipo decide.";Operaciones;Proceso interno del area;"Reduccion de tiempo >= 40% (linea base 10h/mes; meta 6h/mes)";"Empleados como usuarios; no decide sobre personas. Criticidad baja.";false;false;true;false;false;false;"Plataforma interna; el equipo decide.";"Sin datos personales; revision humana previa; presupuesto acotado.";Gerente de Area (persona accountable);avanza_fast_gate;;train
VAR-FAC-V05;VAR-FAC-V05;false;true;false;false;"Analizador de clausulas con plataforma homologada; el abogado valida cada hallazgo.";Operaciones;Proceso interno del area;"Reduccion de tiempo >= 40% (linea base 10h/mes; meta 6h/mes)";Abogados como consumidores. Criticidad alta.;false;false;false;false;true;false;Plataforma homologada.;"Sin datos personales; revision humana previa; presupuesto acotado.";Gerente de Area (persona accountable);avanza_fast_gate;;train
VAR-FAC-V06;VAR-FAC-V06;false;false;false;true;Clasificador de logs sobre infraestructura interna homologada.;Operaciones;Proceso interno del area;"Reduccion de tiempo >= 40% (linea base 10h/mes; meta 6h/mes)";"Empleados como usuarios; no decide sobre personas. Criticidad baja.";false;false;true;false;false;false;Infraestructura interna homologada.;"Sin datos personales; revision humana previa; presupuesto acotado.";Gerente de Area (persona accountable);avanza_fast_gate;;train
VAR-FAC-V07;VAR-FAC-V07;false;true;false;false;"Deteccion de anomalias de costos con plataforma interna; el analista valida.";Operaciones;Proceso interno del area;"Reduccion de tiempo >= 40% (linea base 10h/mes; meta 6h/mes)";"Empleados como usuarios; no decide sobre personas. Criticidad baja.";false;false;false;false;true;false;Plataforma interna homologada.;"Sin datos personales; revision humana previa; presupuesto acotado.";Gerente de Area (persona accountable);avanza_fast_gate;;train
VAR-FAC-V08;VAR-FAC-V08;true;false;false;false;Resumen informativo del historial del cliente para el representante en CRM interno.;Operaciones;Proceso interno del area;"Reduccion de tiempo >= 40% (linea base 10h/mes; meta 6h/mes)";"Representantes como usuarios; informativo. Criticidad media.";false;false;false;true;false;false;CRM interno homologado.;"Cumplimiento Ley 25.326; el representante decide.";Gerente de Area (persona accountable);avanza_fast_gate;;train
VAR-FAC-V09;VAR-FAC-V09;false;true;false;false;"Sistema que sugiere reposicion al comprador; el comprador decide.";Operaciones;Proceso interno del area;"Reduccion de tiempo >= 40% (linea base 10h/mes; meta 6h/mes)";"Empleados como usuarios; no decide sobre personas. Criticidad baja.";false;false;true;false;false;false;"Plataforma interna; el comprador decide.";"Sin datos personales; revision humana previa; presupuesto acotado.";Gerente de Area (persona accountable);avanza_fast_gate;;val
VAR-FAC-V10;VAR-FAC-V10;false;false;true;false;"Asistente SQL con modelo del catalogo; el analista revisa.";Operaciones;Proceso interno del area;"Reduccion de tiempo >= 40% (linea base 10h/mes; meta 6h/mes)";"Empleados como usuarios; no decide sobre personas. Criticidad baja.";true;false;false;false;false;false;Modelo del catalogo.;"Sin datos personales; revision humana previa; presupuesto acotado.";Gerente de Area (persona accountable);avanza_fast_gate;;val
VAR-FAC-V11;VAR-FAC-V11;false;true;false;false;"Resumen de actas internas con plataforma homologada; los participantes validan.";Operaciones;Proceso interno del area;"Reduccion de tiempo >= 40% (linea base 10h/mes; meta 6h/mes)";"Empleados como usuarios; no decide sobre personas. Criticidad baja.";false;false;false;false;true;false;Plataforma homologada.;"Sin datos personales; revision humana previa; presupuesto acotado.";Gerente de Area (persona accountable);avanza_fast_gate;;val
VAR-FAC-V12;VAR-FAC-V12;false;true;false;false;"Monitoreo que alerta al equipo NOC; el equipo decide intervenir.";Operaciones;Proceso interno del area;"Reduccion de tiempo >= 40% (linea base 10h/mes; meta 6h/mes)";"Empleados como usuarios; no decide sobre personas. Criticidad baja.";false;false;true;false;false;false;"Plataforma interna; el equipo decide.";"Sin datos personales; revision humana previa; presupuesto acotado.";Gerente de Area (persona accountable);avanza_fast_gate;;val
VAR-FAC-D01;VAR-FAC-D01;false;true;false;false;Agente que actualiza automaticamente datos del cliente en dos sistemas sin revision previa, miles por ciclo.;Operaciones;Proceso interno del area;"Reduccion de tiempo >= 40% (linea base 10h/mes; meta 6h/mes)";Clientes cuyos datos cambian. Criticidad alta.;false;false;false;true;false;false;Revision del log ex-post (posterior al efecto).;"Cumplimiento Ley 25.326; sin modificar datos financieros.";Gerente de Area (persona accountable);avanza_con_redisenio;;train
VAR-FAC-D02;VAR-FAC-D02;true;false;false;false;Sistema que aplica descuentos a clientes automaticamente sin aprobacion previa.;Operaciones;Proceso interno del area;"Reduccion de tiempo >= 40% (linea base 10h/mes; meta 6h/mes)";Clientes con descuentos. Criticidad media.;false;false;false;true;false;false;"El modelo del catalogo es adecuado; hay revision humana previa.";Cumplimiento Defensa del Consumidor.;Gerente de Area (persona accountable);avanza_con_redisenio;;train
VAR-FAC-D03;VAR-FAC-D03;false;true;false;false;Agente que cierra tickets y notifica al cliente automaticamente sin revision por caso.;Operaciones;Proceso interno del area;"Reduccion de tiempo >= 40% (linea base 10h/mes; meta 6h/mes)";Clientes notificados. Criticidad media.;false;false;false;true;false;false;"El modelo del catalogo es adecuado; hay revision humana previa.";"Sin datos personales; revision humana previa; presupuesto acotado.";Gerente de Area (persona accountable);avanza_con_redisenio;;train
VAR-FAC-D04;VAR-FAC-D04;false;true;false;false;Sistema que publica reportes a un tablero externo automaticamente sin validacion previa.;Operaciones;Proceso interno del area;"Reduccion de tiempo >= 40% (linea base 10h/mes; meta 6h/mes)";Audiencia interna amplia. Criticidad media.;false;false;false;false;true;false;"El modelo del catalogo es adecuado; hay revision humana previa.";"Sin datos personales; revision humana previa; presupuesto acotado.";Gerente de Area (persona accountable);avanza_con_redisenio;;train
VAR-FAC-D05;VAR-FAC-D05;true;false;false;false;Agente que ajusta limites de servicio del cliente de forma automatica sin revision por caso.;Operaciones;Proceso interno del area;"Reduccion de tiempo >= 40% (linea base 10h/mes; meta 6h/mes)";Clientes afectados. Criticidad alta.;false;false;false;true;false;false;"El modelo del catalogo es adecuado; hay revision humana previa.";Cumplimiento regulatorio.;Gerente de Area (persona accountable);avanza_con_redisenio;;train
VAR-FAC-D06;VAR-FAC-D06;false;true;false;false;Agente que reasigna casos entre equipos automaticamente y comunica al cliente sin revision.;Operaciones;Proceso interno del area;"Reduccion de tiempo >= 40% (linea base 10h/mes; meta 6h/mes)";Clientes con cambios. Criticidad media.;false;false;false;true;false;false;"El modelo del catalogo es adecuado; hay revision humana previa.";"Sin datos personales; revision humana previa; presupuesto acotado.";Gerente de Area (persona accountable);avanza_con_redisenio;;train
VAR-FAC-D07;VAR-FAC-D07;false;true;false;false;Agente que ejecuta reinicios de servicios productivos de forma autonoma ante alertas.;Operaciones;Proceso interno del area;"Reduccion de tiempo >= 40% (linea base 10h/mes; meta 6h/mes)";Continuidad del servicio. Criticidad alta.;false;false;true;false;false;false;"El modelo del catalogo es adecuado; hay revision humana previa.";"Sin datos personales; revision humana previa; presupuesto acotado.";Gerente de Area (persona accountable);avanza_con_redisenio;;train
VAR-FAC-D08;VAR-FAC-D08;true;false;false;false;Sistema que aprueba reintegros menores y los ejecuta automaticamente sin revision por caso.;Operaciones;Proceso interno del area;"Reduccion de tiempo >= 40% (linea base 10h/mes; meta 6h/mes)";Clientes con reintegros. Criticidad media.;false;false;false;true;false;false;"El modelo del catalogo es adecuado; hay revision humana previa.";"Sin datos personales; revision humana previa; presupuesto acotado.";Gerente de Area (persona accountable);avanza_con_redisenio;;train
VAR-FAC-D09;VAR-FAC-D09;false;true;false;false;Agente que actualiza la direccion del cliente en sistemas core de forma automatica sin validacion.;Operaciones;Proceso interno del area;"Reduccion de tiempo >= 40% (linea base 10h/mes; meta 6h/mes)";Clientes cuyos datos cambian. Criticidad alta.;false;false;false;true;false;false;"El modelo del catalogo es adecuado; hay revision humana previa.";"Sin datos personales; revision humana previa; presupuesto acotado.";Gerente de Area (persona accountable);avanza_con_redisenio;;val
VAR-FAC-D10;VAR-FAC-D10;true;false;false;false;Sistema que aplica bonificaciones automaticas a la factura sin aprobacion previa.;Operaciones;Proceso interno del area;"Reduccion de tiempo >= 40% (linea base 10h/mes; meta 6h/mes)";Clientes con bonificaciones. Criticidad media.;false;false;false;true;false;false;"El modelo del catalogo es adecuado; hay revision humana previa.";"Sin datos personales; revision humana previa; presupuesto acotado.";Gerente de Area (persona accountable);avanza_con_redisenio;;val
VAR-FAC-D11;VAR-FAC-D11;false;true;false;false;Agente que modifica configuraciones de red de forma autonoma ante desvios.;Operaciones;Proceso interno del area;"Reduccion de tiempo >= 40% (linea base 10h/mes; meta 6h/mes)";Continuidad del servicio. Criticidad alta.;false;false;true;false;false;false;"El modelo del catalogo es adecuado; hay revision humana previa.";"Sin datos personales; revision humana previa; presupuesto acotado.";Gerente de Area (persona accountable);avanza_con_redisenio;;val
VAR-FAC-D12;VAR-FAC-D12;false;true;false;false;Agente que envia comunicaciones no estandar a clientes generadas y enviadas sin revision por caso.;Operaciones;Proceso interno del area;"Reduccion de tiempo >= 40% (linea base 10h/mes; meta 6h/mes)";Clientes destinatarios. Criticidad media.;false;false;false;true;false;false;"El modelo del catalogo es adecuado; hay revision humana previa.";"Sin datos personales; revision humana previa; presupuesto acotado.";Gerente de Area (persona accountable);avanza_con_redisenio;;val
VAR-FAC-N01;VAR-FAC-N01;false;true;false;false;Agente que analiza expedientes confidenciales con el unico proveedor capaz, que procesa fuera de jurisdiccion.;Operaciones;Proceso interno del area;"Reduccion de tiempo >= 40% (linea base 10h/mes; meta 6h/mes)";Abogados como usuarios. Criticidad alta.;false;false;false;false;true;false;"Proveedor unico fuera de jurisdiccion sin opcion local; sin alternativa viable.";"Secreto profesional; prohibido transferir a jurisdicciones sin proteccion equivalente.";Gerente de Area (persona accountable);no_avanza;;train
VAR-FAC-N02;VAR-FAC-N02;true;false;false;false;Sistema que requiere un proveedor externo sin homologacion posible en el plazo del proyecto.;Operaciones;Proceso interno del area;"Reduccion de tiempo >= 40% (linea base 10h/mes; meta 6h/mes)";"Empleados como usuarios; no decide sobre personas. Criticidad baja.";false;false;false;true;false;false;"Unico proveedor no cumple los requisitos de seguridad en el plazo; sin alternativa.";"Cumplimiento BCRA; sin proveedor homologado disponible.";Gerente de Area (persona accountable);no_avanza;;train
VAR-FAC-N03;VAR-FAC-N03;false;true;false;false;Sistema de salud que necesita datos sensibles en un proveedor que no garantiza residencia local.;Operaciones;Proceso interno del area;"Reduccion de tiempo >= 40% (linea base 10h/mes; meta 6h/mes)";"Empleados como usuarios; no decide sobre personas. Criticidad baja.";false;false;false;true;false;false;"Proveedor fuera de jurisdiccion; sin opcion on-premise ni region local.";"Datos de salud; prohibida la transferencia internacional.";Gerente de Area (persona accountable);no_avanza;;train
VAR-FAC-N04;VAR-FAC-N04;false;true;false;false;Sistema que depende de una tecnologia experimental no disponible para produccion en el plazo.;Operaciones;Proceso interno del area;"Reduccion de tiempo >= 40% (linea base 10h/mes; meta 6h/mes)";"Empleados como usuarios; no decide sobre personas. Criticidad baja.";false;false;false;false;true;false;"Tecnologia inmadura; no hay version productiva disponible.";Plazo del proyecto no negociable.;Gerente de Area (persona accountable);no_avanza;;train
VAR-FAC-N05;VAR-FAC-N05;true;false;false;false;Sistema que exige integrar un core legacy sin API y sin posibilidad de modificacion ahora.;Operaciones;Proceso interno del area;"Reduccion de tiempo >= 40% (linea base 10h/mes; meta 6h/mes)";"Empleados como usuarios; no decide sobre personas. Criticidad baja.";false;false;false;true;false;false;"Integracion tecnicamente inviable con el core actual; sin alternativa en el plazo.";Sin presupuesto para reemplazar el core.;Gerente de Area (persona accountable);no_avanza;;train
VAR-FAC-N06;VAR-FAC-N06;false;true;false;false;Sistema que necesita un volumen de datos curados que no existe ni puede generarse en el plazo.;Operaciones;Proceso interno del area;"Reduccion de tiempo >= 40% (linea base 10h/mes; meta 6h/mes)";"Empleados como usuarios; no decide sobre personas. Criticidad baja.";false;false;false;false;true;false;"No hay datos de calidad suficientes; su generacion excede el plazo.";Sin dataset disponible.;Gerente de Area (persona accountable);no_avanza;;train
VAR-FAC-N07;VAR-FAC-N07;true;false;false;false;Sistema que requiere una certificacion regulatoria que no estara disponible en el horizonte del proyecto.;Operaciones;Proceso interno del area;"Reduccion de tiempo >= 40% (linea base 10h/mes; meta 6h/mes)";"Empleados como usuarios; no decide sobre personas. Criticidad baja.";false;false;false;true;false;false;"Certificacion pendiente sin fecha; bloquea el despliegue.";Cumplimiento obligatorio antes de produccion.;Gerente de Area (persona accountable);no_avanza;;train
VAR-FAC-N08;VAR-FAC-N08;false;true;false;false;Agente legal con el unico proveedor capaz fuera de jurisdiccion, sin alternativa local.;Operaciones;Proceso interno del area;"Reduccion de tiempo >= 40% (linea base 10h/mes; meta 6h/mes)";"Empleados como usuarios; no decide sobre personas. Criticidad baja.";false;false;false;false;true;false;"Proveedor unico fuera de jurisdiccion; sin alternativa.";"Secreto profesional; prohibida la transferencia.";Gerente de Area (persona accountable);no_avanza;;val
VAR-FAC-N09;VAR-FAC-N09;true;false;false;false;Scoring que depende de un bureau externo sin acuerdo de proteccion de datos vigente.;Operaciones;Proceso interno del area;"Reduccion de tiempo >= 40% (linea base 10h/mes; meta 6h/mes)";"Empleados como usuarios; no decide sobre personas. Criticidad baja.";false;false;false;true;false;false;"Proveedor sin acuerdo de proteccion; sin alternativa en el plazo.";Cumplimiento Ley 25.326.;Gerente de Area (persona accountable);no_avanza;;val
VAR-FAC-N10;VAR-FAC-N10;false;true;false;false;Sistema que requiere infraestructura GPU no disponible ni adquirible en el plazo del proyecto.;Operaciones;Proceso interno del area;"Reduccion de tiempo >= 40% (linea base 10h/mes; meta 6h/mes)";"Empleados como usuarios; no decide sobre personas. Criticidad baja.";false;false;false;false;true;false;Sin capacidad de computo disponible en el plazo.;Presupuesto y plazo fijos.;Gerente de Area (persona accountable);no_avanza;;val
VAR-FAC-N11;VAR-FAC-N11;false;true;false;false;Sistema que necesita consentimiento explicito de clientes que no puede recolectarse a tiempo.;Operaciones;Proceso interno del area;"Reduccion de tiempo >= 40% (linea base 10h/mes; meta 6h/mes)";"Empleados como usuarios; no decide sobre personas. Criticidad baja.";false;false;false;true;false;false;"Sin base de consentimiento; recolectarlo excede el plazo.";Cumplimiento Ley 25.326.;Gerente de Area (persona accountable);no_avanza;;val
VAR-FAC-V13;VAR-FAC-V13;false;true;false;false;"Clasificador que enruta tickets entrantes al equipo en plataforma homologada; el equipo decide.";Operaciones;Proceso interno del area;"Reduccion de tiempo >= 40% (linea base 10h/mes; meta 6h/mes)";"Empleados como usuarios; no decide sobre personas. Criticidad baja.";false;false;false;false;true;false;"Plataforma interna homologada; el equipo decide.";"Sin datos personales; revision humana previa; presupuesto acotado.";Gerente de Area (persona accountable);avanza_fast_gate;;train
VAR-FAC-V14;VAR-FAC-V14;false;false;true;false;"Busqueda semantica sobre documentacion interna homologada; el usuario consulta y decide.";Operaciones;Proceso interno del area;"Reduccion de tiempo >= 40% (linea base 10h/mes; meta 6h/mes)";"Empleados como usuarios; no decide sobre personas. Criticidad baja.";true;false;false;false;false;false;"Plataforma homologada; sin decision automatica.";"Sin datos personales; revision humana previa; presupuesto acotado.";Gerente de Area (persona accountable);avanza_fast_gate;;train
VAR-FAC-V15;VAR-FAC-V15;true;false;false;false;"Asistente que redacta respuestas a consultas frecuentes; el agente edita y envia.";Operaciones;Proceso interno del area;"Reduccion de tiempo >= 40% (linea base 10h/mes; meta 6h/mes)";Clientes via agente. Criticidad media.;false;false;false;true;false;false;"El modelo del catalogo es adecuado; hay revision humana previa.";"Cumplimiento Ley 25.326; el agente envia.";Gerente de Area (persona accountable);avanza_fast_gate;;train
VAR-FAC-V16;VAR-FAC-V16;false;true;false;false;Extractor de datos de facturas a un borrador que el contador revisa antes de cargar.;Operaciones;Proceso interno del area;"Reduccion de tiempo >= 40% (linea base 10h/mes; meta 6h/mes)";"Empleados como usuarios; no decide sobre personas. Criticidad baja.";false;false;true;false;false;false;"Plataforma interna; el contador valida.";"Sin datos personales; revision humana previa; presupuesto acotado.";Gerente de Area (persona accountable);avanza_fast_gate;;train
VAR-FAC-V17;VAR-FAC-V17;false;true;false;false;"Resumen de llamadas para el supervisor en plataforma homologada; informativo.";Operaciones;Proceso interno del area;"Reduccion de tiempo >= 40% (linea base 10h/mes; meta 6h/mes)";"Empleados como usuarios; no decide sobre personas. Criticidad baja.";false;false;false;false;true;false;Plataforma homologada.;"Sin datos personales; revision humana previa; presupuesto acotado.";Gerente de Area (persona accountable);avanza_fast_gate;;val
VAR-FAC-V18;VAR-FAC-V18;false;false;true;false;"Traductor interno de documentacion con modelo del catalogo; el autor valida.";Operaciones;Proceso interno del area;"Reduccion de tiempo >= 40% (linea base 10h/mes; meta 6h/mes)";"Empleados como usuarios; no decide sobre personas. Criticidad baja.";true;false;false;false;false;false;"Modelo del catalogo; revision previa.";"Sin datos personales; revision humana previa; presupuesto acotado.";Gerente de Area (persona accountable);avanza_fast_gate;;val
VAR-FAC-V19;VAR-FAC-V19;true;false;false;false;"Resumen del historial del cliente para el representante en CRM interno homologado; informativo.";Operaciones;Proceso interno del area;"Reduccion de tiempo >= 40% (linea base 10h/mes; meta 6h/mes)";Representantes como usuarios. Criticidad media.;false;false;false;true;false;false;"El modelo del catalogo es adecuado; hay revision humana previa.";"Cumplimiento Ley 25.326; informativo.";Gerente de Area (persona accountable);avanza_fast_gate;;val
VAR-FAC-V20;VAR-FAC-V20;false;true;false;false;"Deteccion de anomalias de inventario que alerta al equipo; el equipo decide intervenir.";Operaciones;Proceso interno del area;"Reduccion de tiempo >= 40% (linea base 10h/mes; meta 6h/mes)";"Empleados como usuarios; no decide sobre personas. Criticidad baja.";false;false;true;false;false;false;"Plataforma interna; el equipo decide.";"Sin datos personales; revision humana previa; presupuesto acotado.";Gerente de Area (persona accountable);avanza_fast_gate;;val
TST-FAC-V01;TST-FAC-V01;false;true;false;false;Transcripcion de reuniones para los participantes en plataforma homologada.;Operaciones;Proceso interno del area;"Reduccion de tiempo >= 40% (linea base 10h/mes; meta 6h/mes)";"Empleados como usuarios; no decide sobre personas. Criticidad baja.";false;false;false;false;true;false;Plataforma homologada.;"Sin datos personales; revision humana previa; presupuesto acotado.";Gerente de Area (persona accountable);avanza_fast_gate;;test
TST-FAC-V02;TST-FAC-V02;false;false;true;false;Buscador de jurisprudencia interna para el abogado, que valida cada cita.;Operaciones;Proceso interno del area;"Reduccion de tiempo >= 40% (linea base 10h/mes; meta 6h/mes)";"Empleados como usuarios; no decide sobre personas. Criticidad baja.";true;false;false;false;false;false;"Consulta asistiva; el abogado decide.";"Sin datos personales; revision humana previa; presupuesto acotado.";Gerente de Area (persona accountable);avanza_fast_gate;;test
TST-FAC-V03;TST-FAC-V03;false;true;false;false;"Clasificador de correos internos que los enruta al area; el area decide.";Operaciones;Proceso interno del area;"Reduccion de tiempo >= 40% (linea base 10h/mes; meta 6h/mes)";"Empleados como usuarios; no decide sobre personas. Criticidad baja.";false;false;true;false;false;false;"Plataforma interna; el area decide.";"Sin datos personales; revision humana previa; presupuesto acotado.";Gerente de Area (persona accountable);avanza_fast_gate;;test
TST-FAC-V04;TST-FAC-V04;false;false;true;false;Generador de tests unitarios sugeridos para el desarrollador, que revisa y acepta.;Operaciones;Proceso interno del area;"Reduccion de tiempo >= 40% (linea base 10h/mes; meta 6h/mes)";"Empleados como usuarios; no decide sobre personas. Criticidad baja.";true;false;false;false;false;false;"Modelo del catalogo; el dev revisa.";"Sin datos personales; revision humana previa; presupuesto acotado.";Gerente de Area (persona accountable);avanza_fast_gate;;test
TST-FAC-V05;TST-FAC-V05;true;false;false;false;"Resumen de feedback de clientes para el equipo de producto; informativo.";Operaciones;Proceso interno del area;"Reduccion de tiempo >= 40% (linea base 10h/mes; meta 6h/mes)";Equipo de producto como usuario. Criticidad media.;false;false;false;true;false;false;"El modelo del catalogo es adecuado; hay revision humana previa.";"Cumplimiento Ley 25.326; informativo.";Gerente de Area (persona accountable);avanza_fast_gate;;test
TST-FAC-V06;TST-FAC-V06;false;true;false;false;"Asistente que indexa contratos para busqueda del abogado; consulta sin decision.";Operaciones;Proceso interno del area;"Reduccion de tiempo >= 40% (linea base 10h/mes; meta 6h/mes)";"Empleados como usuarios; no decide sobre personas. Criticidad baja.";false;false;false;false;true;false;"Plataforma homologada; consulta.";"Sin datos personales; revision humana previa; presupuesto acotado.";Gerente de Area (persona accountable);avanza_fast_gate;;test
TST-FAC-V07;TST-FAC-V07;false;false;true;false;"Asistente de codigo con catalogo corporativo; el desarrollador acepta o descarta.";Operaciones;Proceso interno del area;"Reduccion de tiempo >= 40% (linea base 10h/mes; meta 6h/mes)";"Empleados como usuarios; no decide sobre personas. Criticidad baja.";true;false;false;false;false;false;"Modelo del catalogo; el dev decide.";"Sin datos personales; revision humana previa; presupuesto acotado.";Gerente de Area (persona accountable);avanza_fast_gate;;test
TST-FAC-V08;TST-FAC-V08;false;true;false;false;"Priorizador de alertas de monitoreo para el NOC; el NOC decide la intervencion.";Operaciones;Proceso interno del area;"Reduccion de tiempo >= 40% (linea base 10h/mes; meta 6h/mes)";"Empleados como usuarios; no decide sobre personas. Criticidad baja.";false;false;true;false;false;false;"Plataforma interna; el NOC decide.";"Sin datos personales; revision humana previa; presupuesto acotado.";Gerente de Area (persona accountable);avanza_fast_gate;;test
VAR-FAC-D13;VAR-FAC-D13;false;true;false;false;Agente que cancela suscripciones de clientes automaticamente sin revision por caso.;Operaciones;Proceso interno del area;"Reduccion de tiempo >= 40% (linea base 10h/mes; meta 6h/mes)";"Clientes con suscripcion. Criticidad media; reversible.";false;false;false;true;false;false;"El modelo del catalogo es adecuado; hay revision humana previa.";"Sin datos personales; revision humana previa; presupuesto acotado.";Gerente de Area (persona accountable);avanza_con_redisenio;;train
VAR-FAC-D14;VAR-FAC-D14;true;false;false;false;Sistema que aplica recargos por mora a la factura de forma automatica sin revision.;Operaciones;Proceso interno del area;"Reduccion de tiempo >= 40% (linea base 10h/mes; meta 6h/mes)";"Clientes facturados. Criticidad media; reversible.";false;false;false;true;false;false;"El modelo del catalogo es adecuado; hay revision humana previa.";Cumplimiento Defensa del Consumidor.;Gerente de Area (persona accountable);avanza_con_redisenio;;train
VAR-FAC-D15;VAR-FAC-D15;false;true;false;false;Agente que reprograma entregas y notifica al cliente sin validacion previa.;Operaciones;Proceso interno del area;"Reduccion de tiempo >= 40% (linea base 10h/mes; meta 6h/mes)";"Clientes con entregas. Criticidad media; reversible.";false;false;true;false;false;false;"El modelo del catalogo es adecuado; hay revision humana previa.";"Sin datos personales; revision humana previa; presupuesto acotado.";Gerente de Area (persona accountable);avanza_con_redisenio;;train
VAR-FAC-D16;VAR-FAC-D16;true;false;false;false;Sistema que actualiza el segmento comercial del cliente y dispara campanias sin revision.;Operaciones;Proceso interno del area;"Reduccion de tiempo >= 40% (linea base 10h/mes; meta 6h/mes)";"Clientes segmentados. Criticidad media; reversible.";false;false;false;true;false;false;"El modelo del catalogo es adecuado; hay revision humana previa.";Cumplimiento Ley 25.326.;Gerente de Area (persona accountable);avanza_con_redisenio;;train
VAR-FAC-D17;VAR-FAC-D17;false;true;false;false;Agente que actualiza la direccion del cliente en el CRM de forma automatica sin validacion.;Operaciones;Proceso interno del area;"Reduccion de tiempo >= 40% (linea base 10h/mes; meta 6h/mes)";"Clientes cuyos datos cambian. Criticidad media; reversible.";false;false;false;true;false;false;"El modelo del catalogo es adecuado; hay revision humana previa.";"Sin datos personales; revision humana previa; presupuesto acotado.";Gerente de Area (persona accountable);avanza_con_redisenio;;val
VAR-FAC-D18;VAR-FAC-D18;true;false;false;false;Sistema que aprueba devoluciones menores y emite el reembolso sin revision por caso.;Operaciones;Proceso interno del area;"Reduccion de tiempo >= 40% (linea base 10h/mes; meta 6h/mes)";"Clientes con devoluciones. Criticidad media; reversible.";false;false;false;true;false;false;"El modelo del catalogo es adecuado; hay revision humana previa.";"Sin datos personales; revision humana previa; presupuesto acotado.";Gerente de Area (persona accountable);avanza_con_redisenio;;val
VAR-FAC-D19;VAR-FAC-D19;false;true;false;false;Agente que escala incidentes a proveedores externos de forma automatica sin acotar alcance.;Operaciones;Proceso interno del area;"Reduccion de tiempo >= 40% (linea base 10h/mes; meta 6h/mes)";"Continuidad operativa. Criticidad media; reversible.";false;false;true;false;false;false;"El modelo del catalogo es adecuado; hay revision humana previa.";"Sin datos personales; revision humana previa; presupuesto acotado.";Gerente de Area (persona accountable);avanza_con_redisenio;;val
VAR-FAC-D20;VAR-FAC-D20;true;false;false;false;Sistema que aplica bonificaciones a la factura del cliente sin aprobacion previa.;Operaciones;Proceso interno del area;"Reduccion de tiempo >= 40% (linea base 10h/mes; meta 6h/mes)";"Clientes con bonificaciones. Criticidad media; reversible.";false;false;false;true;false;false;"El modelo del catalogo es adecuado; hay revision humana previa.";"Sin datos personales; revision humana previa; presupuesto acotado.";Gerente de Area (persona accountable);avanza_con_redisenio;;val
TST-FAC-D01;TST-FAC-D01;false;true;false;false;Agente que reasigna turnos de clientes y los notifica sin revision por caso.;Operaciones;Proceso interno del area;"Reduccion de tiempo >= 40% (linea base 10h/mes; meta 6h/mes)";"Clientes con turnos. Criticidad media; reversible.";false;false;false;true;false;false;"El modelo del catalogo es adecuado; hay revision humana previa.";"Sin datos personales; revision humana previa; presupuesto acotado.";Gerente de Area (persona accountable);avanza_con_redisenio;;test
TST-FAC-D02;TST-FAC-D02;true;false;false;false;Sistema que ajusta el limite de descuento del vendedor de forma automatica sin aprobacion.;Operaciones;Proceso interno del area;"Reduccion de tiempo >= 40% (linea base 10h/mes; meta 6h/mes)";"Operacion comercial. Criticidad media; reversible.";false;false;false;true;false;false;"El modelo del catalogo es adecuado; hay revision humana previa.";"Sin datos personales; revision humana previa; presupuesto acotado.";Gerente de Area (persona accountable);avanza_con_redisenio;;test
TST-FAC-D03;TST-FAC-D03;false;true;false;false;Agente que reinicia servicios productivos ante alertas de forma autonoma sin revision.;Operaciones;Proceso interno del area;"Reduccion de tiempo >= 40% (linea base 10h/mes; meta 6h/mes)";"Continuidad del servicio. Criticidad media; reversible.";false;false;true;false;false;false;"El modelo del catalogo es adecuado; hay revision humana previa.";"Sin datos personales; revision humana previa; presupuesto acotado.";Gerente de Area (persona accountable);avanza_con_redisenio;;test
TST-FAC-D04;TST-FAC-D04;true;false;false;false;Sistema que envia recordatorios de cobranza personalizados al cliente sin revision.;Operaciones;Proceso interno del area;"Reduccion de tiempo >= 40% (linea base 10h/mes; meta 6h/mes)";"Clientes contactados. Criticidad media; reversible.";false;false;false;true;false;false;"El modelo del catalogo es adecuado; hay revision humana previa.";Cumplimiento Ley 25.326.;Gerente de Area (persona accountable);avanza_con_redisenio;;test
TST-FAC-D05;TST-FAC-D05;false;true;false;false;Agente que cierra reclamos y responde al cliente automaticamente sin revision por caso.;Operaciones;Proceso interno del area;"Reduccion de tiempo >= 40% (linea base 10h/mes; meta 6h/mes)";"Clientes con reclamos. Criticidad media; reversible.";false;false;false;true;false;false;"El modelo del catalogo es adecuado; hay revision humana previa.";"Sin datos personales; revision humana previa; presupuesto acotado.";Gerente de Area (persona accountable);avanza_con_redisenio;;test
TST-FAC-D06;TST-FAC-D06;false;true;false;false;Agente que modifica reglas de ruteo de red ante desvios de forma autonoma sin revision.;Operaciones;Proceso interno del area;"Reduccion de tiempo >= 40% (linea base 10h/mes; meta 6h/mes)";"Continuidad operativa. Criticidad media; reversible.";false;false;true;false;false;false;"El modelo del catalogo es adecuado; hay revision humana previa.";"Sin datos personales; revision humana previa; presupuesto acotado.";Gerente de Area (persona accountable);avanza_con_redisenio;;test
TST-FAC-D07;TST-FAC-D07;true;false;false;false;Sistema que actualiza datos de contacto del cliente en sistemas internos sin validacion.;Operaciones;Proceso interno del area;"Reduccion de tiempo >= 40% (linea base 10h/mes; meta 6h/mes)";"Clientes cuyos datos cambian. Criticidad media; reversible.";false;false;false;true;false;false;"El modelo del catalogo es adecuado; hay revision humana previa.";Cumplimiento Ley 25.326.;Gerente de Area (persona accountable);avanza_con_redisenio;;test
TST-FAC-D08;TST-FAC-D08;false;true;false;false;Agente que publica reportes a un tablero externo de forma automatica sin validacion previa.;Operaciones;Proceso interno del area;"Reduccion de tiempo >= 40% (linea base 10h/mes; meta 6h/mes)";"Audiencia interna amplia. Criticidad media; reversible.";false;false;true;false;false;false;"El modelo del catalogo es adecuado; hay revision humana previa.";"Sin datos personales; revision humana previa; presupuesto acotado.";Gerente de Area (persona accountable);avanza_con_redisenio;;test
VAR-FAC-N12;VAR-FAC-N12;false;true;false;false;Agente que ejecuta la baja laboral del empleado por score de desempenio sin intervencion.;Operaciones;Proceso interno del area;"Reduccion de tiempo >= 40% (linea base 10h/mes; meta 6h/mes)";"Empleados. Criticidad muy alta; irreversible.";false;false;false;true;false;false;"Autonomia total sobre decision irreversible de alto impacto; el ajuste no alcanza.";"Sin datos personales; revision humana previa; presupuesto acotado.";Gerente de Area (persona accountable);no_avanza;;train
VAR-FAC-N13;VAR-FAC-N13;false;true;false;false;Agente que corta el servicio esencial al cliente por mora de forma autonoma sin revision.;Operaciones;Proceso interno del area;"Reduccion de tiempo >= 40% (linea base 10h/mes; meta 6h/mes)";"Clientes; perdida de acceso a servicio esencial. Irreversible.";false;false;false;true;false;false;"Autonomia sobre denegacion de servicio esencial; riesgo no aceptable.";"Sin datos personales; revision humana previa; presupuesto acotado.";Gerente de Area (persona accountable);no_avanza;;train
VAR-FAC-N14;VAR-FAC-N14;false;true;false;false;"Sistema que requiere un modelo on-premise que el unico proveedor no ofrece; la nube esta vetada.";Operaciones;Proceso interno del area;"Reduccion de tiempo >= 40% (linea base 10h/mes; meta 6h/mes)";"Empleados como usuarios; no decide sobre personas. Criticidad baja.";false;false;false;false;true;false;Sin alternativa tecnica viable en el plazo.;"Prohibido procesar fuera de la organizacion; sin opcion on-premise.";Gerente de Area (persona accountable);no_avanza;;train
VAR-FAC-N15;VAR-FAC-N15;true;false;false;false;Scoring que depende de un bureau externo sin acuerdo de proteccion de datos vigente ni alternativa.;Operaciones;Proceso interno del area;"Reduccion de tiempo >= 40% (linea base 10h/mes; meta 6h/mes)";"Empleados como usuarios; no decide sobre personas. Criticidad baja.";false;false;false;true;false;false;"Proveedor sin acuerdo; sin alternativa en el plazo.";Cumplimiento Ley 25.326.;Gerente de Area (persona accountable);no_avanza;;train
VAR-FAC-N16;VAR-FAC-N16;true;false;false;false;Agente que ejecuta cambios vinculantes en contratos de clientes de forma autonoma sin revision.;Operaciones;Proceso interno del area;"Reduccion de tiempo >= 40% (linea base 10h/mes; meta 6h/mes)";"Clientes con contratos. Criticidad muy alta; irreversible.";false;false;false;true;false;false;"Autonomia sobre decision contractual vinculante; riesgo no aceptable.";"Sin datos personales; revision humana previa; presupuesto acotado.";Gerente de Area (persona accountable);no_avanza;;train
VAR-FAC-N17;VAR-FAC-N17;false;true;false;false;Sistema que necesita un volumen de datos curados que no existe ni puede generarse en el plazo.;Operaciones;Proceso interno del area;"Reduccion de tiempo >= 40% (linea base 10h/mes; meta 6h/mes)";"Empleados como usuarios; no decide sobre personas. Criticidad baja.";false;false;false;false;true;false;"Sin datos de calidad suficientes; su generacion excede el plazo.";Sin dataset disponible.;Gerente de Area (persona accountable);no_avanza;;val
VAR-FAC-N18;VAR-FAC-N18;true;false;false;false;Sistema que aprueba y desembolsa creditos de forma autonoma sin revision humana.;Operaciones;Proceso interno del area;"Reduccion de tiempo >= 40% (linea base 10h/mes; meta 6h/mes)";"Solicitantes de credito. Criticidad muy alta; irreversible.";false;false;false;true;false;false;"Autonomia sobre decision financiera vinculante; riesgo no aceptable.";Cumplimiento BCRA.;Gerente de Area (persona accountable);no_avanza;;val
VAR-FAC-N19;VAR-FAC-N19;false;true;false;false;Sistema que requiere infraestructura GPU no disponible ni adquirible en el plazo del proyecto.;Operaciones;Proceso interno del area;"Reduccion de tiempo >= 40% (linea base 10h/mes; meta 6h/mes)";"Empleados como usuarios; no decide sobre personas. Criticidad baja.";false;false;true;false;false;false;Sin capacidad de computo disponible en el plazo.;Presupuesto y plazo fijos.;Gerente de Area (persona accountable);no_avanza;;val
VAR-FAC-N20;VAR-FAC-N20;false;true;false;false;Agente que ejecuta retenciones sobre cuentas de clientes de forma autonoma sin revision.;Operaciones;Proceso interno del area;"Reduccion de tiempo >= 40% (linea base 10h/mes; meta 6h/mes)";"Clientes; fondos retenidos. Criticidad muy alta; irreversible.";false;false;false;true;false;false;"Autonomia sobre accion financiera irreversible; riesgo no aceptable.";"Sin datos personales; revision humana previa; presupuesto acotado.";Gerente de Area (persona accountable);no_avanza;;val
TST-FAC-N01;TST-FAC-N01;false;true;false;false;"Sistema que depende de un proveedor cloud sin region local; los datos no pueden salir del pais.";Operaciones;Proceso interno del area;"Reduccion de tiempo >= 40% (linea base 10h/mes; meta 6h/mes)";"Empleados como usuarios; no decide sobre personas. Criticidad baja.";false;false;false;false;true;false;Sin region local ni alternativa on-premise.;Prohibida la transferencia internacional.;Gerente de Area (persona accountable);no_avanza;;test
TST-FAC-N02;TST-FAC-N02;false;true;false;false;Agente que deniega el alta de un servicio esencial al cliente de forma autonoma sin revision.;Operaciones;Proceso interno del area;"Reduccion de tiempo >= 40% (linea base 10h/mes; meta 6h/mes)";"Clientes; sin acceso a servicio esencial. Irreversible.";false;false;false;true;false;false;"Autonomia sobre denegacion de servicio esencial; riesgo no aceptable.";"Sin datos personales; revision humana previa; presupuesto acotado.";Gerente de Area (persona accountable);no_avanza;;test
TST-FAC-N03;TST-FAC-N03;true;false;false;false;Sistema que requiere una certificacion regulatoria que no estara disponible en el horizonte del proyecto.;Operaciones;Proceso interno del area;"Reduccion de tiempo >= 40% (linea base 10h/mes; meta 6h/mes)";"Empleados como usuarios; no decide sobre personas. Criticidad baja.";false;false;false;true;false;false;"Certificacion pendiente sin fecha; bloquea el despliegue.";Cumplimiento obligatorio antes de produccion.;Gerente de Area (persona accountable);no_avanza;;test
TST-FAC-N04;TST-FAC-N04;false;true;false;false;Agente que ejecuta sanciones disciplinarias a empleados de forma autonoma sin intervencion.;Operaciones;Proceso interno del area;"Reduccion de tiempo >= 40% (linea base 10h/mes; meta 6h/mes)";"Empleados sancionados. Criticidad alta; irreversible.";false;false;false;true;false;false;"Autonomia sobre decision disciplinaria irreversible; riesgo no aceptable.";"Sin datos personales; revision humana previa; presupuesto acotado.";Gerente de Area (persona accountable);no_avanza;;test
TST-FAC-N05;TST-FAC-N05;false;true;false;false;Sistema que depende de una tecnologia experimental sin version productiva disponible en el plazo.;Operaciones;Proceso interno del area;"Reduccion de tiempo >= 40% (linea base 10h/mes; meta 6h/mes)";"Empleados como usuarios; no decide sobre personas. Criticidad baja.";false;false;true;false;false;false;"Tecnologia inmadura; no hay version productiva.";Plazo del proyecto no negociable.;Gerente de Area (persona accountable);no_avanza;;test
TST-FAC-N06;TST-FAC-N06;true;false;false;false;Sistema que cancela polizas de seguro de clientes de forma autonoma sin revision.;Operaciones;Proceso interno del area;"Reduccion de tiempo >= 40% (linea base 10h/mes; meta 6h/mes)";"Asegurados; perdida de cobertura. Irreversible.";false;false;false;true;false;false;"Autonomia sobre denegacion de cobertura esencial; riesgo no aceptable.";Cumplimiento Superintendencia de Seguros.;Gerente de Area (persona accountable);no_avanza;;test
TST-FAC-N07;TST-FAC-N07;false;true;false;false;Sistema que exige integrar un core legacy sin API y sin posibilidad de modificacion ahora.;Operaciones;Proceso interno del area;"Reduccion de tiempo >= 40% (linea base 10h/mes; meta 6h/mes)";"Empleados como usuarios; no decide sobre personas. Criticidad baja.";false;false;false;false;true;false;Integracion inviable con el core actual en el plazo.;Sin presupuesto para reemplazar el core.;Gerente de Area (persona accountable);no_avanza;;test
TST-FAC-N08;TST-FAC-N08;true;false;false;false;Agente que ejecuta el cierre de cuentas bancarias de clientes de forma autonoma sin revision.;Operaciones;Proceso interno del area;"Reduccion de tiempo >= 40% (linea base 10h/mes; meta 6h/mes)";"Clientes; cuenta cerrada. Criticidad muy alta; irreversible.";false;false;false;true;false;false;"Autonomia sobre decision financiera irreversible; riesgo no aceptable.";Cumplimiento BCRA.;Gerente de Area (persona accountable);no_avanza;;test
